city_code,lat,lon
000050,41.3268733,19.8187913
000058,36.2656797,1.9701666
000075,35.3048421,-1.1457771
000080,36.8982165,7.7549272
000110,35.554404,6.1767453
000130,36.7511783,5.0643687
000140,34.8508508,5.7286878
000150,36.0677603,4.7453289
000172,36.3728464,3.8906326
000173,36.758882,3.470596
000175,36.164592,1.331499
000200,35.2111827,4.1839901
000210,34.671359,3.254037
000223,35.5127948,8.2517342
000240,32.485855,3.677104
000260,36.465084,7.430647
000270,36.8167305,5.771494
000280,35.430154,7.145711
000290,33.8063518,2.8808616
000350,35.7087553,4.5371552
000355,35.8374839,7.1565485
000360,36.364519,6.60826
000380,35.191069,-0.634632
000390,36.879882,6.907485
000400,36.2825664,7.963197
000410,36.19112,5.41373
000420,35.3983243,8.0885005
000430,35.3661448,1.3194687
000440,34.881789,-1.316699
000443,36.5968983,2.3969364
000450,36.713796,4.0493851
000470,35.5428186,-0.3421804
000480,31.94467,5.320958
000540,40.3754434,49.8326748
000550,40.6794747,46.3564509
000570,40.5961055,49.6697285
000580,-34.6648394,-58.3628061
000590,-38.7215809,-62.2545689
000600,-34.6075682,-58.4370894
000640,-31.4173391,-64.183319
000650,-27.4687004,-58.8312304
000660,-26.1852983,-58.1744976
000670,-34.5762765,-58.5388435
000680,-26.61075,-60.2441794
000690,-34.9206797,-57.9537638
000700,-34.7033363,-58.3953235
000710,-34.7573682,-58.4020375
000720,-37.9907514,-57.6081521
000730,-32.8897294,-68.8442956
000740,-34.6510527,-58.6217416
000750,-38.9401085,-68.2705553
000760,-31.7330145,-60.5298511
000770,-27.3664824,-55.894295
000780,-34.7303025,-58.268868
000790,-27.4511235,-58.9865196
000810,-32.9595004,-60.6615415
000820,-24.7892946,-65.4103194
000840,-34.4739792,-58.5264866
000850,-46.7451717,-67.1398302
000860,-26.8303703,-65.2038133
000880,-24.2554935,-65.2093985
000890,-31.6186951,-60.7019561
000900,-34.6897963,-58.3980555
000905,-26.7342344,-65.259341
000910,-34.5244484,-58.5036282
000920,-34.9281805,138.5999312
000940,-27.4689682,153.0234991
000960,-35.2975906,149.1012676
000963,-35.3524663,149.2337245
000970,-33.4271242,151.324075
001000,-28.0023731,153.4145987
001005,-28.181708,153.5469621
001006,-32.9051292,151.2860875
001007,-34.7983333,149.7011111
001010,-37.7976455,144.9075325
001011,-31.92818,115.94909
001012,-33.8993087,150.9923963
001019,-34.4261433,150.8953201
001040,-37.8142176,144.9631608
001050,-32.9272881,151.7812534
001060,-31.9527121,115.8604796
001070,-26.5443222,153.0507705
001080,-33.8679574,151.210047
001105,-34.4243941,150.89385
001120,47.0702563,15.4385716
001170,48.2083537,16.3725042
001190,25.0783456,-77.3383331
001210,22.7046314,90.3711417
001240,22.3307998,91.8412863
001250,23.4610615,91.1808748
001260,23.7593572,90.3788136
001320,22.8171664,89.563759
001330,24.7482129,90.4099158
001350,23.6238108,90.4999662
001390,24.3715513,88.5921038
001440,23.897429,90.4078742
001470,40.1776121,44.5125849
001490,51.2211097,4.3997081
001510,50.8436709,4.3674367
001540,51.0538286,3.7250121
001620,-17.3935853,-66.1569588
001630,-16.4955593,-68.1934964
001640,-16.4955455,-68.1336229
001740,43.8519774,18.3866868
001880,-1.374035,-48.4016623
001890,-21.7249995,-50.5345074
001920,-16.8226769,-49.2452546
001940,-10.9162061,-37.0774655
002120,-22.3218102,-49.0705863
002130,-6.6967586,-35.5369626
002140,-22.7667284,-43.4033603
002150,-19.9227318,-43.9450948
002170,-19.968056,-44.198333
002200,-7.2620711,-36.2415161
002240,-15.7934036,-47.8823172
002340,-7.2246743,-35.8771292
002350,-22.895516,-47.0796408
002360,-22.902953,-43.5591295
002390,-29.9216045,-51.1799525
002400,-23.5234673,-46.8406808
002430,-8.2864631,-35.9662565
002440,-13.3733224,-41.4028074
002490,-29.1826974,-51.1707219
002550,-19.9132749,-44.0840953
002620,-20.0149743,-43.230776
002630,-25.4295963,-49.2712724
002640,-23.681347,-46.62052
002680,-29.7039484,-53.8206958
002710,-12.2372165,-38.9575023
002730,-0.3366151,-63.8845021
002740,-3.7304512,-38.5217989
002800,-19.503719,-39.975438
002880,-23.4430602,-46.524459
003050,-23.4754492,-46.3514033
003150,-7.1215981,-34.882028
003160,-26.3219138,-48.8466657
003190,-22.9706741,-43.3346546
003200,-23.1887866,-46.8845122
003230,-22.5615068,-47.401766
003250,-3.46376,-45.6754657
003280,-4.1522397,-40.8028794
003290,-9.6476843,-35.7339264
003310,-1.5210701,-46.0090779
003370,-23.425269,-51.9382078
003380,-23.66767,-46.461263
003400,-23.52278,-46.18833
003420,-19.5283225,-43.4974254
003440,-5.805398,-35.2080905
003460,-22.8832371,-43.1154552
003490,-22.7592175,-43.4508728
003510,-7.9986401,-34.8459552
003520,-23.5324859,-46.7916801
003640,-7.9340069,-34.868407
003660,-31.7141812,-52.3670781
003710,-22.6548095,-48.0166197
003750,-30.1772631,-51.1818641
003760,-30.0324999,-51.2303767
003780,-1.2370767,-46.5064933
003830,-8.0641931,-34.8781517
003870,-21.178333,-47.8066671
003880,-9.8765282,-63.0050598
003900,-17.9853228,-45.0560635
003960,-12.9822499,-38.4812772
004040,-23.6573395,-46.5322504
004050,-23.960833,-46.333889
004060,-23.6901021,-46.5629624
004090,-22.8219014,-43.0309252
004100,-22.8043744,-43.3724125
004130,-20.8125851,-49.3804212
004140,-23.151,-45.9594278
004170,-2.5634605,-44.2448718
004180,-23.550396,-46.6330825
004190,-23.9603686,-46.3847024
004210,-20.1252961,-40.3064477
004260,-23.501667,-47.458056
004310,-23.031448,-45.5612792
004380,-4.9048867,-40.0059415
004390,-19.14172,-40.6210867
004470,-20.3297293,-40.2920284
004480,-12.993279,-38.5254765
004490,-14.8741438,-40.8194984
004510,-22.5225497,-44.1040128
004600,42.1418541,24.7499297
004640,42.6978634,23.3221789
004660,43.2069025,27.9150855
004670,16.783333,94.733333
004680,21.9812746,96.082375
004690,22.1182175,95.1324747
004700,16.4908026,97.6284825
004705,19.7540045,96.1344976
004716,20.1227913,94.9423557
004730,20.7907874,97.0364294
004740,16.7751045,96.1442865
004750,-3.3638125,29.3675028
004790,52.093751,23.6851851
004800,52.4238936,31.0131698
004810,53.6834599,23.8342648
004830,53.902334,27.5618791
004840,53.9564134,30.0937175
004900,55.1930197,30.2070437
004960,5.9614117,10.1516505
004980,4.0429408,9.706203
005080,3.8689867,11.5213344
005110,43.6858146,-79.7599337
005150,51.0253267,-114.0498685
005210,53.535411,-113.507996
005230,45.457241,-75.723267
005280,43.255205,-79.868202
005310,43.401995,-80.3726576
005320,45.6055889,-73.7344173
005330,42.988576,-81.246643
005350,43.854336000000004,-79.326782
005370,43.590338,-79.645729
005390,45.4972159,-73.6103642
005430,43.91768,-78.862953
005439,45.421106,-75.690308
005440,45.4283596,-75.7106204
005460,46.8259601,-71.2352226
005530,52.131802,-106.660767
005560,43.167376,-79.241638
005580,49.1913033,-122.8491439
005610,43.653963,-79.387207
005630,49.2608724,-123.1139529
005640,43.7941544,-79.5268023
005660,42.30423,-83.029861
005670,49.884017,-97.168579
005710,4.3907153,18.5509126
005720,6.9349969,79.8538463
005810,12.1191543,15.0502758
005820,-38.1503556,-72.7415019
005940,-33.5930886,-70.5515863
005990,-33.6399148,-70.6858507
006000,-33.4377968,-70.6504451
006070,-33.0244535,-71.5517636
006080,45.5362499,126.9694447
006110,46.411433100000004,125.3285572
006120,38.427747599999996,115.3303798
006130,24.0122,105.305
006140,31.2578483,113.683285
006150,24.9248708,102.4844287
006160,30.5358685,117.1048214
006170,36.4794705,119.2129818
006180,41.1081242,122.9899705
006190,26.2496958,105.9277805
006200,36.1023552,114.33633
006220,45.6156275,122.8360811
006230,23.9051104,106.6153867
006240,41.9316387,126.4200169
006250,36.5459108,104.133956
006260,38.8579735,115.490696
006270,34.3645811,107.2332184
006280,31.4066338,121.4851577
006290,40.6549157,109.8344586
006300,31.8590183,106.754751
006310,39.1120884,116.3922323
006320,48.2401404,126.5081882
006330,21.4799081,109.1068061
006340,39.906217,116.3912757
006350,22.7068788,110.3502844
006360,22.2095,107.218
006370,41.7998062,120.7634754
006390,32.9176422,117.3825673
006410,41.297577,123.7646562
006420,27.3053132,105.2778019
006430,37.3821206,117.9647262
006450,38.0764217,116.5696393
006460,33.8579594,115.772453
006470,38.3042796,116.8511597
006480,22.9212029,110.9898501
006490,47.7303574,125.6617719
006500,29.0340526,111.6927445
006510,34.2156961,113.7676736
006520,44.0118313,87.2636464
006530,25.9660393,119.5185643
006540,28.5825621,104.9187489
006550,28.1979483,112.97133
006560,31.6572954,120.7480757
006570,36.8394346,119.4013261
006580,36.1829336,113.0985394
006590,29.4132842,105.6042141
006600,31.6684462,117.6698089
006610,23.260954,116.59406
006620,41.5754767,120.4390738
006630,23.6311971,116.7488939
006640,40.7721353,118.163919
006650,30.6624205,104.0633219
006660,23.463154,116.76804
006670,25.7953089,113.0287294
006680,29.7273129,113.9020959
006690,42.2799929,118.9426131
006700,28.5914382,105.6956747
006710,30.6671088,117.4859885
006720,29.5585712,106.5492822
006730,30.6256088,103.6722448
006750,25.0359599,101.5440836
006760,32.2545901,118.3280486
006770,30.1708675,121.261786
006780,23.5469932,113.5876458
006790,45.5044225,124.2855828
006800,44.179315,86.590973
006810,25.6023916,100.2449114
006820,38.9181714,121.6282945
006830,40.128668,124.3863404
006840,30.8238636,111.7823966
006850,32.5429981,111.5070101
006860,32.0109736,119.6012702
006870,19.5173795,109.5697188
006880,46.5969028,125.1014811
006890,40.6348183,122.5042794
006900,40.0921758,113.2950953
006920,30.0981854,114.9747162
006940,31.216036,107.5027564
006950,44.5350141,125.6954363
006960,34.4551772,113.0444455
006970,41.4244866,123.3335139
006980,32.6880537,112.0818901
006990,28.9334041,117.5893106
007000,31.1244028,104.39013
007010,37.4486676,116.305416
007020,38.5112175,114.9970044
007040,19.0979286,108.6482353
007050,39.8789142,124.1458478
007060,25.290556,118.374167
007070,37.0154851,104.9750296
007080,32.8536216,120.3122464
007100,29.2908082,120.2366509
007110,37.4334738,118.6689349
007120,30.9968918,103.620532
007140,43.3688445,128.2260494
007160,26.265476,107.5181899
007170,29.5103149,103.3324161
007180,22.1887958,112.3090696
007190,30.2974854,109.4746431
007200,30.3648558,114.8611939
007210,21.6177532,108.3453556
007220,36.1841443,116.7653466
007230,39.5661485,118.1021558
007240,28.1636196,115.7661067
007250,40.4500763,124.0637454
007260,29.657507,121.4024733
007270,40.4354018,113.1044713
007280,37.2674518,111.7831355
007290,23.0247687,113.1146335
007300,27.0909995,119.6433621
007310,27.3274216,120.2126329
007320,47.2398155,132.0251042
007350,25.7237321,119.3795377
007360,25.841026,118.882609
007370,41.8692972,123.924157
007380,42.0151733,121.6452868
007390,32.8926763,115.8090001
007400,30.0516179,119.9557066
007430,27.9957951,116.353245
007440,40.3997761,122.3698442
007450,25.8223093,114.959888
007460,28.4440713,115.3551853
007470,39.333333,115.85
007480,38.023402,114.8406273
007490,36.3654065,119.8005385
007500,22.9955074,113.0695854
007510,35.7984314,112.9229854
007520,23.0302295,112.4561939
007530,32.7875425,119.4326277
007540,21.9140106,110.8508956
007560,23.3618738,103.1577391
007580,34.754623,112.9798562
007590,43.5025009,124.8127196
007600,30.4591677,106.6331958
007610,30.9818013,104.2725546
007620,31.6190052,113.8203522
007630,32.4329637,105.8563402
007640,23.1301964,113.2592945
007660,23.115194,109.5960462
007680,30.1931013,105.844567
007690,25.5582,109.121
007700,30.5705251,104.068025
007710,25.7561647,112.72964
007750,45.7656666,126.6160584
007760,40.8518336,122.7433343
007770,24.7885722,102.6062332
007790,44.5730397,129.3804915
007800,47.459421,126.9655598
007810,31.8729183,121.1771295
007820,30.5126121,120.6763394
007830,36.6883484,121.1686893
007840,42.8264052,93.5132835
007850,35.4762519,110.4508029
007860,30.6637405,113.8334652
007870,36.583333,114.483333
007890,33.069049,107.018889
007910,35.7479577,114.2915957
007920,24.4981137,108.6296249
007930,29.9746891,106.272238
007940,31.8228094,117.2218033
007950,47.3355856,130.2836718
007970,38.4425293,116.0901457
007980,35.5957768,110.7057517
008000,37.7364305,115.6677229
008010,26.893867,112.6263806
008020,22.7665858,112.9621553
008060,35.2477266,115.4464761
008070,24.415373,111.5435723
008090,29.8287906,113.4706905
008100,27.2129336,109.8320349
008120,42.9713594,126.7457066
008130,33.5897018,119.0211943
008140,33.9566098,116.7928916
008150,27.554599,109.9641566
008160,32.5866826,117.0130019
008170,30.8995105,113.959962
008180,30.4494243,114.8653378
008190,38.366667,117.333333
008200,30.1343921,118.1612689
008210,30.1566753,114.9356302
008240,30.3843078,106.775599
008250,21.6516763,110.6404799
008280,35.4625141,113.7976228
008290,22.7889017,114.4717876
008300,23.1060862,114.4141105
008310,25.116585,117.54937
008320,40.7515443,120.8404789
008350,36.5719389,111.7309206
008360,30.8942995,120.0851114
008380,46.8087794,130.3734556
008400,27.0427561,114.9034932
008420,29.4755882,119.2749876
008430,32.4286378,119.5574255
008440,29.2872735,106.2547374
008450,22.5766294,113.079047
008460,28.7403476,118.6221665
008470,32.5112693,120.1231831
008480,31.9092756,120.2630426
008490,31.7777135,104.73443
008500,27.0252649,118.3003243
008510,27.3576557,118.109014
008520,30.3915544,104.5532107
008530,43.7213101,127.3420195
008560,35.9574858,120.1892358
008570,36.2640866,120.0284928
008580,35.2075729,113.2533977
008590,30.7474425,120.7510971
008610,33.2619055,115.3540362
008620,37.0310036,111.9154182
008630,23.5430817,116.3497169
008640,43.8417717,126.5605066
008660,30.4431407,112.1978893
008680,35.493783,112.8519862
008710,22.0025515,100.7707274
008720,32.0165721,120.2693683
008730,31.0348589,112.1973384
008740,26.578602,109.691719
008750,29.1080344,119.6486487
008760,41.0250843,113.1090705
008770,35.4125047,116.5849266
008780,24.784435,118.5477505
008800,31.7237725,119.5825664
008820,37.6866796,112.7383414
008830,38.033333,115.033333
008840,41.108528,121.1194219
008850,28.2637217,109.6950782
008860,29.7275361,115.9913134
008870,39.7321262,98.4936839
008880,44.1531255,125.840489
008890,45.2928513,130.9619259
008900,35.0945453,112.5810521
008910,40.0437295,117.4186824
008920,31.9457106,119.1676967
008930,34.7961106,114.3472038
008940,26.5884307,107.9762121
008950,22.3699417,112.688154
008960,42.5434674,124.0382894
008970,23.7183499,103.2674592
008980,39.4665981,75.9900135
009000,41.7238743,86.173541
009010,44.4245113,84.9006885
009020,38.909218,121.63525250000001
009030,31.3869323,120.9764683
009040,36.2030789,117.654083
009050,36.8618279,120.5158492
009060,36.9794733,120.7013712
009070,37.1823043,119.9325123
009080,39.5128345,116.6997446
009090,31.5866697,105.9743103
009100,46.2534603,126.2821065
009110,36.0606904,103.8305691
009120,32.3615609,111.6791987
009140,25.1313491,113.3470997
009150,26.4249444,112.8547135
009160,20.9076779,110.0932095
009170,37.73472,117.22028
009180,27.6581325,111.4534719
009200,28.9807803,117.1472311
009210,28.11941,120.96121
009220,29.5608755,103.7619922
009230,21.609612,110.2833464
009240,27.6958345,111.6593577
009250,34.6092633,119.1695305
009260,24.7857601,112.3760545
009270,36.4441808,115.9642007
009280,41.273887,123.1693463
009290,42.8863846,125.1374905
009300,30.2939312,108.9318477
009310,27.6500795,113.4923249
009320,30.2361285,119.7203175
009340,36.0885338,111.512998
009350,34.5227346,110.8704085
009360,41.1676142,121.355281
009380,41.240767,119.3958124
009390,28.8602058,121.1419179
009400,31.4763098,110.389156
009420,36.8459198,115.7118439
009440,29.4769835,113.4454266
009450,37.1767104,116.8507744
009460,36.0673949,113.8105402
009480,23.201613,113.1579123
009490,31.7383487,116.5142252
009500,26.5927706,104.8393163
009510,28.1659977,113.6375145
009520,31.282352,118.138034
009530,31.4191111,119.4788664
009540,24.4490237,117.8132438
009550,42.76411,129.4205702
009560,37.6443474,120.4708629
009570,35.0667935,113.4200393
009580,25.283333,108.483333
009590,27.6996403,111.9881054
009610,25.1524346,102.0772106
009620,22.7413919,111.5755827
009630,33.572055400000004,114.0285163
009640,34.6556873,112.4209629
009650,38.0762246,114.2945525
009680,24.535018,103.7639695
009690,28.8743249,105.4383176
009700,31.6866105,118.5048377
009710,31.1708218,115.0159244
009730,21.6656562,110.9196315
009740,42.5358335,125.6925277
009750,30.0765357,103.8432023
009770,24.26104,116.1264821
009790,31.458932,104.750108
009800,31.3413886,104.1979778
009810,28.8095267,113.0611966
009820,32.784008300000004,118.0127491
009840,35.7656,112.971
009850,44.5498406,129.6259558
009860,44.9170351,130.517213
009870,24.9634415,118.3815602
009880,28.6995217,116.0349714
009890,30.7955696,106.0835539
009900,29.1601071,107.0948587
009910,37.3560772,115.3920309
009920,30.128189,111.778369
009930,24.5167811,117.3523949
009940,21.595065,109.447012
009950,22.8211654,108.3159756
009960,26.6417374,118.173639
009970,31.9827896,120.8904588
009980,25.1192792,114.3064615
009990,33.0010496,112.5292693
010000,48.4812343,124.8768238
010010,29.5910776,105.0629494
010020,44.3439563,129.4603434
010050,30.6353605,118.9867301
010060,41.1169056,122.0655098
010070,42.9409718,126.052932
010080,24.5262945,102.11136
010090,37.8137692,120.7599494
010100,30.9928222,103.955725
010110,33.7374744,113.2981436
010120,36.7842974,119.9493639
010130,30.6782402,121.0116196
010140,35.5410175,106.6798544
010160,27.6503105,113.8359582
010170,34.3142567,117.9419078
010180,39.4010519,121.9642662
010190,23.300182,116.16801
010210,34.7397,113.817
010220,35.7631348,115.0234071
010230,44.9987049,124.0174055
010240,30.4049826,112.8940372
010250,31.8127933,121.656138
010260,36.0634258,120.3785584
010280,23.6832984,113.0505994
010290,43.6263167,122.2757242
010300,36.6841879,118.4738162
010310,39.9395724,119.5894129
010320,35.0856355,112.942221
010330,21.9647384,108.6209024
010340,19.2592373,110.4703445
010350,30.4145205,103.4654411
010360,20.0053784,110.3505219
010370,47.3527088,123.9115944
010380,45.7700345,131.0074987
010390,37.3083612,120.8310336
010400,24.977074000000002,118.5631554
010410,35.5956915,116.987543
010420,25.4902717,103.79654
010430,36.7698986,114.9585243
010440,27.8065324,106.4099199
010450,38.7063767,116.1062203
010460,35.415070299999996,119.5214512
010470,39.0441839,115.9035239
010480,32.3926766,120.563809
010490,27.7809047,120.6512652
010500,29.6788274,115.676514
010510,25.8885861,116.021852
010530,36.9136248,121.525514
010540,34.1678145,112.8392579
010550,39.983988600000004,117.0733273
010560,34.7678842,111.1908398
010580,27.868468,107.1742399
010590,28.7009973,101.908668
010610,36.854965,114.501421
010620,31.2252985,121.4890497
010630,34.417097,115.6508622
010640,28.4531644,117.903535
010650,30.0348513,120.8641815
010660,24.4284906,107.9192672
010670,28.2494995,121.3977579
010680,36.4744645,117.8703655
010690,24.068254,117.816089
010700,24.8134099,113.5923564
010730,27.3437632,117.4871877
010740,29.9992425,120.576854
010750,26.993991,111.2684212
010770,29.5633687,120.8272061
010780,43.6253314,124.0832728
010790,22.5342935,114.1122989
010800,37.9995085,115.5555234
010810,31.1296564,104.1640039
010820,44.3017013,86.0775574
010830,35.4277705,113.4610033
010840,24.7414982,118.6727038
010850,29.7228427,112.4189037
010860,32.6420675,110.7782466
010870,38.9868531,106.3771974
010880,36.8762356,118.7322549
010890,45.3662519,126.3046846
010900,43.5147427,123.5003448
010910,46.6476235,131.1548641
010920,44.4084581,126.9410597
010930,22.8446849,113.1620858
010940,39.3307915,112.4235469
010950,39.9075675,116.4891221
010970,43.1669821,124.364739
010980,45.1335025,124.8165152
010990,30.1750972,111.7512714
011000,46.6520483,126.9607485
011010,30.5061493,105.574542
011020,31.6921655,113.375823
011040,33.6482366,116.9588062
011050,31.3016935,120.5810725
011080,36.2002968,117.0809316
011090,31.4590371,121.1264772
011100,22.2541202,112.7884998
011110,32.1696072,120.0160999
011120,37.8561856,112.5561744
011130,32.4614944,119.913445
011140,32.49069,119.90812
011150,39.6293065,118.1739275
011160,45.3289825,122.7831976
011170,35.113997,117.1599113
011180,32.669149,118.9994478
011190,39.1235635,117.1980785
011200,30.6635516,113.1616191
011210,34.5797531,105.7062921
011230,46.9806341,128.0471971
011240,42.2895233,123.8394899
011250,29.2481666,113.8116319
011260,34.9034852,108.9461781
011270,41.7225544,125.9170455
011290,43.6392011,122.2497308
011300,30.9345628,117.8089039
011310,27.7223474,109.1838348
011330,30.6316971,120.5610365
011340,39.9088246,116.651169
011350,42.8928924,89.308361
011370,43.8241263,87.5790892
011380,39.6304711,121.999975
011390,18.7961376,110.3872565
011410,32.0716413,108.0359623
011420,36.7071591,119.1557441
011430,37.5120997,122.1152599
011440,35.4126425,114.0633095
011450,34.5037437,109.4572848
011460,19.5452604,110.7932208
011470,37.1960899,122.0479985
011480,28.3754144,121.3812013
011490,24.14549,117.660807
011500,31.6846755,112.0087022
011510,29.8779053,103.6588788
011520,21.4431015,110.7717184
011530,48.5108166,126.1927965
011540,33.2828949,113.4864164
011550,26.7296979,110.6282775
011560,39.6540161,106.7879045
011570,30.5951051,114.2999353
011580,31.3536127,118.4277477
011590,31.1415158,120.6406744
011600,31.7036059,119.9377617
011610,46.070838,122.0698453
011630,37.928881,102.6359886
011640,31.5776264,120.2951311
011650,31.338889000000002,116.627778
011660,32.3739839,117.4664482
011680,37.9822616,106.1961109
011690,23.478767,111.277099
011700,36.2598076,102.5705794
011710,34.3468421,108.9365887
011720,33.4430697,114.9031316
011730,32.0596812,112.1494733
011740,27.8339927,112.935675
011750,27.7373439,112.5301895
011760,29.8437545,114.3169418
011770,30.3635622,113.4170705
011780,34.3075655,108.7234362
011790,30.9203436,113.9496516
011800,30.1862432,120.2597898
011810,37.1452884,111.7724751
011820,27.8983767,102.2627884
011830,42.7327309,124.7154088
011850,40.6203363,120.7112158
011860,32.9325092,119.8321293
011870,24.1466813,115.728847
011880,34.2993736,108.4830556
011890,37.0382214,114.5700463
011900,34.7899788,113.3809573
011910,25.0917444,104.8974498
011920,24.6613176,108.3104595
011930,36.6225321,101.7721957
011940,27.4306724,103.4377503
011950,38.3790768,114.7375157
011960,34.5307313,113.3761237
011970,41.9995174,122.8304404
011980,35.9068588,117.76243
011990,35.3021133,113.9202062
012000,32.127372,114.0676596
012010,22.3543061,110.943747
012020,34.3769236,118.3485083
012030,45.8441731,132.9283277
012040,34.3971133,113.7336778
012050,38.4139173,112.730463
012060,25.0411094,102.6649565
012070,30.9412541,118.7540167
012080,26.2266466,104.0994286
012100,34.0316195,113.8237291
012110,34.2665541,117.1809741
012120,29.985931,103.0087944
012130,49.285437,120.7283079
012140,36.5836388,109.4840732
012150,33.3939707,120.1349541
012160,22.170242,111.7871708
012170,21.8526328,111.95935
012180,37.85862,113.5730276
012190,32.2375297,119.7921913
012200,32.3926973,119.4365759
012210,42.8888552,129.5008425
012220,34.7333075,112.7677155
012230,37.461928,121.4425255
012240,28.7657927,104.6353116
012260,31.7210346,112.2527375
012270,47.7231316,128.8785919
012280,27.788448,114.3837805
012290,30.3818328,111.4438635
012310,38.4829194,106.2116014
012320,30.9333642,113.5664812
012330,24.2079886,113.3962832
012360,43.9052027,81.2747797
012370,29.3063535,120.0702682
012380,31.3495972,119.817253
012390,28.5929656,112.3211783
012400,36.5831946,108.4607361
012410,42.8264052,93.5132835
012420,31.6918335,104.4514369
012430,33.937026,116.3663081
012440,29.3580475,105.91960950000001
012450,34.8661185,110.4446202
012460,28.8906978,120.0427315
012470,23.550278,107.832778
012480,23.6001078,101.9963466
012490,38.7323661,112.714087
012500,34.4022178,115.8229595
012520,29.3691365,113.095513
012530,30.4207193,120.2955529
012540,22.6354097,110.1498186
012550,38.2852957,109.7287583
012570,35.027637,111.002141
012590,35.5549206,116.8239025
012600,44.8246942,126.5359016
012620,28.6439377,102.5060902
012630,30.0393082,121.1501449
012640,34.1598968,113.4666612
012650,32.1296882,112.7656433
012660,34.8113006,117.3178278
012670,23.2624345,113.8064389
012680,48.015398,122.737618
012690,31.8782976,120.55145950000001
012700,29.1299011,110.4816207
012710,40.8228016,114.880567
012720,25.2923579,117.414772
012730,36.7152186,117.5291406
012740,26.3847869,113.2028678
012750,38.9365134,100.4556326
012760,24.5081859,117.6496027
012770,21.2745127,110.3541291
012780,46.07205,125.9871513
012790,23.0515551,112.4728451
012800,27.3376718,103.7144348
012820,37.354722,120.402222
012830,34.7591877,113.6524076
012840,32.2139599,119.458012
012860,30.4283835,111.7546868
012870,26.6368401,104.8480447
012880,31.1702322,112.5823331
012890,33.6306299,114.6423617
012900,31.5529832,119.5291524
012910,39.6963769,122.9703398
012920,30.8497265,114.7988108
012930,22.2305196,113.5462439
012940,29.7157268,120.2315762
012950,33.0115818,114.0164565
012960,39.4830388,115.9688632
012970,27.8394983,113.1482168
012980,36.8047833,118.0444472
012990,29.3367271,104.7765295
013000,25.97934,113.2302358
013010,30.1235983,104.6481144
013020,35.4042254,116.9651613
013030,32.952964,115.976087
013040,27.6677199,106.9443526
013060,4.4925756,-75.7394765
013080,10.9799669,-74.8013085
013090,6.3611746,-75.5897133
013100,7.1114611,-73.1172869
013110,3.8899335,-77.0786047
013120,3.4517923,-76.5324943
013130,10.4195841,-75.5271224
013170,7.8971458,-72.5080387
013280,4.4446595,-75.2430012
013350,5.0681104,-75.5173198
013360,6.2443382,-75.573553
013370,8.7558921,-75.887029
013380,2.9263127,-75.2891733
013400,3.5308373,-76.2988048
013410,1.2146286,-77.2782516
013420,4.8142912,-75.6946451
013520,4.6726615,-74.0581745
013530,11.2422289,-74.2055606
013550,4.5821279,-74.2197205
013570,10.9054516,-74.7740531
013620,10.4650361,-73.2528426
013630,4.1315113,-73.6206667
013670,-4.2694407,15.2712256
013680,-4.8465683,11.7625999
013820,10.0173148,-84.2132869
013870,9.9325427,-84.0795782
013910,45.813177,15.977048
013930,21.3789431,-77.9183989
013980,20.8870943,-76.2592587
013990,23.135305,-82.3589631
014060,20.0223513,-75.8217639
014110,49.1922443,16.6113382
014160,49.8349139,18.2820084
014180,50.0874654,14.4212535
014200,6.3676953,2.4252507
014220,9.3363661,2.62416
014230,6.4990718,2.6253361
014250,56.1496278,10.2134046
014260,55.6867243,12.5700724
014310,19.4502926,-70.6906112
014320,18.4801972,-69.942111
014321,18.4801972,-69.942111
014340,-2.8973745,-79.0044518
014380,-2.1899066,-79.887726
014460,-0.2201641,-78.5123274
014475,-0.2954064,-78.4317185
014480,-2.9101444,-78.9848412
014570,13.4803899,-88.17722
014590,13.9947208,-89.5566796
014610,13.7036258,-89.1504837
014630,9,38.75
014740,15.3389667,38.9326763
014770,59.4372155,24.7453688
014820,60.2051454,24.6569676
014830,60.1674098,24.9425769
014950,44.841225,-0.5800364
015010,45.1875602,5.7357819
015040,50.6305089,3.0706414
015060,45.7578137,4.8320114
015070,43.2961743,5.3699525
015090,43.6112422,3.8767337
015120,47.2186371,-1.5541362
015130,43.7009358,7.2683912
015160,48.8566969,2.3514616
015190,48.1113387,-1.6800198
015200,49.4404591,1.0939658
015210,45.4401467,4.3873058
015220,48.584614,7.7507127
015230,43.1257311,5.9304919
015240,43.6044622,1.4442469
015330,11.5936903,43.1472724
015340,0.390002,9.454001
015390,41.6934591,44.8014495
015440,31.5077213,34.4607415
015500,48.3668041,10.8986971
015520,52.5170365,13.3888599
015530,52.0191005,8.531007
015540,51.4818111,7.2196635
015550,50.735851,7.10066
015570,52.2646577,10.5236066
015580,50.7282137,9.9824991
015630,51.5142273,7.4652789
015640,51.0493286,13.7381437
015650,51.434999,6.759562
015660,51.2254018,6.7763137
015690,51.4582235,7.0158171
015700,50.1106444,8.6820917
015730,51.5110321,7.0960124
015780,53.550341,10.000654
015800,52.3744779,9.7385532
015880,49.0068705,8.4034195
015920,50.938361,6.959974
015940,51.3406321,12.3747329
016000,49.489591,8.467236
016020,51.1946983,6.4353641
016040,48.1371079,11.5753822
016050,51.9564055,7.635792
016070,49.453872,11.077298
016250,48.7784485,9.1800132
016270,50.0820384,8.2416556
016300,51.264018,7.1780374
016330,5.5600141,-0.2057437
016340,6.698081,-1.6230404
016390,5.6596441,-0.0096592
016420,37.9872554,23.7643993
016510,40.6403167,22.9352716
016670,14.5166247,-90.587867
016690,14.6456946,-90.5946789
016730,14.52694,-90.5875
016740,9.5170602,-13.6998434
016950,15.505647,-88.0241963
016960,14.0931919,-87.2012631
016980,47.4983815,19.0404707
017130,23.8312377,91.2823821
017140,27.1752554,78.0098161
017150,23.0216238,72.5797068
017160,19.092952,74.7493451
017170,23.7414092,92.7209297
017180,26.4691,74.639
017190,20.7116604,77.002632
017220,27.8815412,78.0690216
017240,25.4381302,81.8338005
017260,27.5646036,76.6131841
017290,19.1810344,73.1962072
017300,13.1193746,80.1507648
017310,20.9316219,77.7588455
017320,31.6343083,74.8736788
017350,14.6783221,77.6065039
017380,25.5596879,84.6612934
017390,23.6871297,86.9746587
017410,19.8739536,75.3277803
017420,13.1254758,80.09409
017500,22.64859,88.34115
017530,12.9791198,77.5912997
017580,22.7176238,88.4889529
017600,28.3523609,79.4096542
017680,30.2081076,74.9485371
017700,25.4138614,86.1348858
017710,15.8572666,74.5069343
017720,15.1467299,76.9125211
017780,25.2494829,86.9828131
017800,27.2154447,77.4986962
017820,21.7353478,81.9444592
017840,21.7718836,72.1416449
017860,21.2012352,81.3352119
017870,25.348,74.636
017890,19.3025562,73.0588072
017910,23.2530923,77.3962718
017920,20.1480813,85.6764298
017990,16.8269911,75.7175387
018000,28.0159286,73.3171367
018010,22.0785627,82.1476475
018030,23.6579303,86.0845069
018060,19.3098134,84.7971562
018150,30.7194022,76.764655200000007
018160,19.9508161,79.2986673
018180,13.0801721,80.2838331
018280,11.0018115,76.9628425
018320,20.4686,85.8792
018360,26.1569653,85.8995119
018380,13.9400443,76.9658065
018390,14.4661266,75.9206361
018400,30.3255646,78.0436813
018420,28.6517178,77.2219388
018470,22.96363,76.054867
018480,23.7952809,86.4309638
018500,20.898,74.7732
018570,21.1897285,81.2746469
018580,31.6583488,76.8256984
018590,21.2012352,81.3352119
018640,26.7781316,79.0221467
018660,28.402837,77.3085626
018670,27.36462,79.63123
018690,27.1527986,78.3991439
018710,17.6813983,83.2130062
018730,23.2232877,72.6492267
018780,24.7964355,85.0079563
018800,28.6711527,77.4120356
018860,26.7600217,83.3668129
018890,17.3310003,76.8334228
018920,16.2915189,80.4541588
018930,28.4889572,77.0107838
018950,26.1805978,91.753943
018960,26.2037247,78.1573628
019030,23.8402649,91.3512031
019040,28.7299677,77.775499
019110,29.1562688,75.7292303
019140,15.3518378,75.1379848
019160,17.3887859,78.4610647
019170,16.6959348,74.4555755
019180,24.8006088,93.9369998
019190,22.7203851,75.8682103
019210,23.1608938,79.9497702
019250,26.916194,75.820349
019260,31.3323762,75.576889
019270,20.9968453,75.5683795
019280,29.5491,79.72092
019300,32.7185614,74.8580917
019310,22.4732415,70.0552102
019320,22.8015194,86.2029579
019360,25.4502464,78.5800085
019390,26.2967719,73.0351433
019410,21.5174107,70.4642757
019430,16.9437385,82.2350607
019450,19.2431167,73.1403065
019460,19.2334875,73.1182464
019470,22.6707281,88.3763418
019520,11.8762254,75.3738043
019530,26.4609135,80.3217588
019570,18.4346438,79.1322648
019580,29.6803266,76.9896254
019670,28.700001,77.0555546
019700,9.9633864,76.2536614
019720,16.6603273,74.1960038
019730,22.5677459,88.3476023
019740,8.8870537,76.5907058
019750,30.66147,77.85462
019760,25.1737019,75.8574194
019790,11.2446144,75.7759372
019820,17.910226,78.1557457
019830,23.7299317,86.8397981
019850,15.8309251,78.0425373
019860,17.34769,78.55757
019890,18.3983393,76.562087
019900,18.9461885,74.8543275
019910,26.8381,80.9346001
019920,30.9090157,75.851601
019960,9.9261153,78.1140983
020000,22.508621,88.2532182
020030,20.5575459,74.5242544
020090,12.8698101,74.8430082
020130,27.4955539,77.6855554
020150,25.9391096,83.5716125
020170,28.9963296,77.7061915
020180,19.2955429,72.8573593
020230,28.8334982,78.7732864
020290,18.9387711,72.8353355
020320,29.4662369,77.6961699
020330,26.1182898,85.3857888
020340,12.3051828,76.6553609
020390,21.1498134,79.0820556
020430,20.4241006,79.5965294
020440,19.169335,77.311013
020470,20.0112475,73.7902364
020490,18.9607979,72.9288871
020520,14.4493717,79.9873763
020530,28.6141793,77.2022662
020550,18.6732693,78.0978477
020560,28.5726442,77.3547609
020620,11.934018,79.7858813
020690,22.6950342,88.3770603
020700,29.3912753,76.9771675
020720,19.262469,76.7718
020750,30.3295605,76.4127819
020760,25.6093239,85.1235252
020810,18.6279288,73.8009829
020830,11.9340568,79.8306447
020880,18.5203062,73.8543185
020900,25.7773601,87.4731227
020970,21.2379469,81.6336833
020980,17.0050454,81.7804732
021000,19.25861,84.90517
021020,22.3045769,70.802161
021070,28.8014001,79.0284337
021090,23.3700354,85.3250132
021110,23.3311044,75.0360846
021180,28.9010899,76.5801935
021210,23.8417793,78.7466817
021220,29.9637438,77.5427464
021240,11.6612012,78.1602498
021280,16.8502534,74.5948885
021320,24.5751308,80.8325721
021370,27.8827491,79.9109575
021400,13.9311723,75.569737
021440,26.7164127,88.4309916
021500,17.6715272,75.8975502
021510,29.0033144,77.0167323
021520,22.6211141,88.3928973
021550,34.0747444,74.8204443
021580,21.1864607,72.8081281
021640,19.1943294,72.9701779
021670,8.5058909,76.9570481
021690,10.5256633,76.2131442
021710,10.804973,78.6870296
021720,8.7295261,77.6852354
021730,13.6316368,79.4231711
021740,11.1017815,77.345192
021790,13.3400771,77.1006208
021800,24.578721,73.6862571
021820,23.174597,75.7851423
021830,19.2227363,73.1657782
021890,22.297076,73.1957373
021930,25.3356491,83.0076292
021990,16.5087586,80.6185102
022010,17.7231276,83.3012842
022040,17.9899747,79.6043994
060013,12.9057887,77.6275118
060033,17.3321548,78.615148
060034,19.07283,72.88261
060044,14.4671491,78.8228877
060093,19.4258788,72.8224901
022080,-3.6959434,128.178785
022090,-1.2398711,116.8593379
022110,-5.4460713,105.2643742
022120,-3.31987,114.59075
022130,-6.9344694,107.6049539
022140,1.1061034,104.0378246
022150,-3.7922858,102.2623797
022190,-6.5962986,106.7972421
022200,-6.7137044,108.5608483
022210,-8.6524973,115.2191175
022230,-8.7996802,115.1506101
022240,-1.6296917,103.6077806
022250,-2.5387539,140.7037389
022270,-7.8111057,112.0046051
022310,-5.1342962,119.4124282
022320,-7.980589,112.6448529
022330,1.4900578,124.8408708
022340,-8.5837726,116.10685
022350,3.5896654,98.6738261
022370,-0.9524785,100.3632419
022380,-7.476977,108.0847912
022410,-2.9888297,104.756857
022490,-0.5017804,117.1393089
022500,-6.9904038,110.4229455
022510,-6.9199289,106.9265095
022520,-7.2459717,112.7378266
022530,-7.5692462,110.828448
022540,-6.1727031,106.6408501
022600,-7.8011945,110.364917
022620,31.3221023,48.6805735
022650,34.0956347,49.6913344
022660,38.2493585,48.297455
022670,36.5452581,52.6846571
022680,27.2220302,56.3787974
022740,32.3780257,48.4032064
022750,32.6707877,51.6650002
022770,36.8392776,54.4320858
022780,34.7990866,48.5148169
022810,35.8121955,51.0073853
022820,33.9873888,51.4427935
022830,30.2924085,57.0645647
022840,34.3239414,47.0735891
022860,33.4804844,48.3751949
022930,36.2974945,59.6059232
022953,35.6589015,51.0586022
022970,36.210595,58.7922805
022980,37.5493473,45.0682863
023010,36.2804074,50.006663
023020,35.7204271,51.1100769
023030,34.6423117,50.8800969
023050,37.2793607,49.5846102
023070,35.3126047,46.9978639
023090,36.5659598,53.0587229
023120,29.6060218,52.5378041
023140,38.0739964,46.2961952
023150,35.7006177,51.4013785
023170,31.8886686,54.3641264
023190,29.4928874,60.8503017
023200,36.6699809,48.4859398
023209,35.666763,50.9790423
023210,33.4933777,44.3464677
023230,33.3024309,44.3787992
023240,30.4952367,47.8090981
023260,36.1911624,44.0094652
023270,32.482245,44.4328131
023280,33.450669,44.1665146
023300,32.6156423,44.0348194
023310,35.4701099,44.3964846
023340,36.3415843,43.1291386
023350,32.0010227,44.3299926
023400,53.3497645,-6.2602732
023480,32.8191218,34.9983856
023500,31.778345,35.2250786
023560,32.0804808,34.7805274
023590,41.1257843,16.8620293
023610,44.4936714,11.3430347
023650,37.5022355,15.08738
023690,43.7698712,11.2555757
023720,44.40726,8.9338624
023790,45.4667971,9.1904984
023820,40.8359336,14.2487826
023850,38.1112268,13.3524434
023960,42.061443,12.5682628
024020,45.0677551,7.6824892
024080,45.4371908,12.3345898
024090,45.4384958,10.9924122
024110,5.320357,-4.016107
024120,7.6906058,-5.0298408
024160,17.9712148,-76.7928128
024230,34.6832635,134.9476925
024250,39.7168644,140.1295178
024260,34.7288995,135.412989
024280,40.8228549,140.7473584
024290,43.762785,142.3579364
024350,35.609985,140.118126
024420,35.6611119,139.4734451
024480,35.364842,139.465077
024500,36.0621355,136.2240019
024510,36.7081839,136.9316736
024520,37.760777,140.4745807
024530,34.4892799,133.3618898
024540,35.699997,139.988668
024550,35.4230949,136.7627526
024580,35.660175,139.283071
024600,41.7740323,140.7262355
024620,34.7036136,137.7349439
024680,34.678147,135.597728
024700,34.8393509,134.6940046
024720,34.818215,135.659225
024730,35.357674,139.318278
024750,34.3980242,132.476095
024810,34.834009,135.5539509
024820,35.497775,140.1156996
024830,35.729412,139.928568
024840,35.304878,136.806915
024990,37.0582925,140.8921311
025090,31.6020649,130.5641252
025120,34.786771,134.8498955
025150,36.5780499,136.6480247
025190,35.8676218,139.9756876
025210,35.273804,137.007459
025250,35.9251145,139.4856927
025260,35.8078228,139.7241054
025280,35.523142,139.708024
025320,33.8829996,130.8749015
025340,34.6932379,135.1943764
025350,33.5670908,133.5436798
025440,37.398488,140.3888101
025450,35.8908991,139.7909116
025470,32.7833323,130.7333361
025480,34.5850791,133.7719957
025500,33.3196648,130.5081592
025540,34.9847021,135.7586744
025560,35.5623785,139.4427817
025570,36.3893418,139.0632826
025600,35.7879371,139.903177
025640,33.8403214,132.7511037
025710,36.3657792,140.4713933
025730,31.9157577,131.4319499
025750,39.7006008,141.1367118
025780,36.6485851,138.1947664
025790,37.4478778,138.8541667
025810,32.7523904,129.8706603
025820,35.1851045,136.8998438
025830,26.213854,127.692221
025840,34.6845445,135.8048359
025890,37.887675,139.04792
025920,34.773632,135.3166017
026010,33.2327331,131.6060339
026020,34.6668949,133.9183576
026030,34.950974,137.260842
026060,35.906275,139.6239147
026090,34.6937569,135.5014539
026120,35.0048168,135.8687055
026170,35.56559,139.236215
026190,35.8616402,139.6457957
026200,34.529124,135.50156
026270,43.06866,141.3509218
026280,33.1638438,129.7256751
026310,38.2603811,140.8819104
026350,33.9493675,130.9219006
026360,34.9714603,138.3883965
026390,34.764884,135.51735
026430,34.3425592,134.0465338
026460,36.3220984,139.0032758
026470,34.8812905,135.6012398
026510,35.7994271,139.4687478
026520,34.0698307,134.5550353
026540,35.6820678,139.7655776
026590,36.7016421,137.2127904
026600,34.7627709,137.381575
026620,34.7862025,135.4737093
026630,43.7541218,142.5204591
026640,34.7339963,136.5101724
026730,35.870545,139.653413
026760,36.5549677,139.8828776
026770,34.234617,135.1782181
026800,38.2553393,140.3400205
026830,34.626275,135.605845
026850,34.9648428,136.624845
026860,35.444991,139.636768
026870,35.24063,139.660865
026930,50.2796448,57.2124606
026940,43.2363924,76.9457275
026950,51.1509206,71.4388595
027000,49.8161282,73.1026622
027040,52.2839774,76.9646409
027070,50.405029,80.249176
027090,42.8983675,71.327602099999993
027110,42.8943882,71.3920902
027140,49.95649,82.611923
027160,31.9515694,35.9239625
027170,32.5556091,35.8493023
027190,32.0668425,36.0885771
027200,0.5198329,35.2715481
027210,-0.1029109,34.7541761
027240,-4.0390146,39.648391
027250,-1.2519977,36.8933337
027260,-0.2802724,36.0712048
027300,39.9118601,127.5459424
027312,39.6730979,125.9536938
027330,40.9759795,126.5409327
027360,39.0046949,125.7358714
027370,38.5230778,125.7519178
027380,40.0969128,124.446358
027386,39.466895,125.9466078
027390,39.1532956,127.453564
027450,37.49889,126.78306
027460,35.1157262,129.0399028
027470,35.257724,128.606015
027480,36.8150283,127.1140654
027490,36.6471132,127.3923613
027500,37.8845604,127.716664
027520,35.8760146,128.5960624
027530,36.3320506,127.4338196
027590,35.2384775,128.96606
027620,37.6581862,126.8319452
027630,36.1136,128.336
027640,37.3675,126.94694
027650,35.9993007,126.7597856
027670,35.15472,126.91556
027680,37.44435,126.86499
027700,35.84278,129.21167
027730,37.2808823,127.4429132
027740,35.934924,126.940464
027750,37.4758926,126.6169555
027770,33.3939924,126.5626653
027800,35.82194,127.14889
027820,35.19278,128.08472
027840,35.2363353,128.5768063
027860,34.7903335,126.3847547
027930,36.0818625,129.3369099
027975,36.4799999,127.289
027990,37.4201556,127.1262092
028010,37.5666791,126.9782914
028040,34.9458165,127.5030767
028050,37.29111,127.00889
028080,37.7415,127.0474
028110,37.3569903,127.944816
028160,37.5045658,127.0450939
028220,42.8767446,74.6069949
028230,40.5361899,72.8033618
028245,17.9640988,102.6133707
028250,33.8959203,35.47843
028310,-29.310054,27.478222
028350,56.9493977,24.1051846
028360,6.328034,-10.797788
028450,54.8982139,23.9044817
028490,54.6870458,25.2829111
028510,22.20056,113.54611
028520,-18.9100122,47.5255809
028580,-15.7862543,35.0035694
028600,-13.973456,33.7878122
028630,4.5841,101.0829
028640,1.4655,103.7578
028660,3.0471533,101.4492077
028670,6.1256053,102.2393455
028690,3.1516636,101.6943028
028710,3.8196701,103.3292235
028770,2.7247562,101.9344913
028840,12.649319,-8.000337
028950,18.0792379,-15.9780071
028990,16.8680495,-99.8940182
029010,21.8806553,-102.2961323
029050,19.426431,-98.0774334
029110,21.1617854,-86.8510468
029115,22.005549,-99.6494097
029140,19.2612215,-98.8958362
029160,28.6523808,-106.0902046
029180,19.4183298,-98.9561056
029200,25.75976,-100.16287
029220,25.790768,-100.3063241
029240,19.5733975,-99.243949
029250,22.2783046,-97.8242686
029260,27.4846619,-109.9337782
029270,19.4917564,-99.1754748
029290,23.7389846,-99.1441352
029300,18.1367924,-94.3777592
029305,19.3265886,-103.9256614
029320,18.9239713,-96.9278109
029370,19.6577015,-99.232283
029380,20.2036094,-104.4858267
029390,18.9218274,-99.2342282
029400,24.7978965,-107.393395
029420,24.022008,-104.6547415
029430,19.5717968,-99.0445353
029440,31.8658887,-116.6029835
029460,25.5732473,-103.494779
029470,20.6720375,-103.3383962
029480,25.6766398,-100.2000721
029520,29.0948207,-110.9692202
029550,20.6758761,-101.3521052
029560,19.32929,-98.8082745
029600,18.8863894,-99.1701224
029610,17.7006623,-93.1978917
029615,20.443863,-97.4450587
029630,19.3114376,-99.1700453
029635,19.3637685,-98.9463136
029640,20.3691855,-101.9974856
029660,21.1218598,-101.6825081
029670,25.7845349,-109.0032924
029700,25.8520977,-97.5017951
029710,23.2313053,-106.4153144
029720,20.9670759,-89.6237402
029740,32.6248622,-115.448325
029750,19.4326009,-99.1333416
029770,19.3731766,-104.0008293
029780,26.925554,-101.4522926
029790,25.6397836,-100.2931016
029800,19.7027116,-101.1923818
029820,19.4743658,-99.2912449
029850,17.7096288,-91.4435723
029870,27.4761506,-99.5185992
029880,17.0604663,-96.7253575
029900,18.8592329,-97.1106537
029910,20.1165413,-98.7413535
029930,20.5320852,-97.4536355
029940,19.3831879,-97.7396287
029950,20.6407176,-105.2203066
029960,20.5954708,-100.3970593
029970,26.0216171,-98.3061346
030000,25.4230425,-100.9927509
030020,19.6359452,-99.0948573
030050,22.2970554,-100.8671956
030070,19.2659835,-98.424878
030080,25.7358423,-100.2664945
030110,22.2970554,-100.8671956
030120,22.2329889,-97.8614802
030150,18.4658012,-97.3978348
030160,26.2524405,-108.9362743
030180,32.5010188,-116.9646629
030200,19.0297838,-98.9858196
030220,20.6084288,-103.3151995
030230,19.3173725,-98.2376413
030240,19.292545,-99.6569007
030250,20.6185208,-103.2227359
030260,25.5414662,-103.4531977
030280,20.0839585,-98.3635381
030300,16.7452184,-93.1418086
030310,19.4147269,-102.0522647
030330,19.1798858,-96.135648
030360,19.4837078,-99.2372051
030370,16.2601617,-93.5041703
030380,19.5408338,-96.9146374
030390,19.4457798,-97.0707568
030410,22.7470359,-102.5161988
030420,19.9418799,-102.3136824
030430,20.7032055,-103.4261243
030450,47.908056,106.8841356
030500,47.0244707,28.8322534
030780,-19.828707,34.841782
030810,-25.966213,32.56745
030820,-25.966917,32.466956
030850,-15.1194063,39.2615886
030960,-22.5744184,17.0791233
031000,27.708796,85.320244
031020,28.209538,83.991402
031050,52.3745403,4.8979755
031250,51.9228934,4.4631786
031260,52.0749456,4.2696802
031280,52.0749456,4.2696802
031300,52.0809856,5.127684
031410,-36.852095,174.7631803
031420,-43.5104787,172.5811305
031460,-36.9899509,174.8813168
031570,12.1461244,-86.273717
031610,13.501206,7.102534
031620,13.524834,2.109823
031630,13.8063421,8.9891659
031640,5.112735,7.364349
031660,7.161,3.348
031730,6.3330586,5.6221058
031760,4.9795999,8.3373597
031800,6.4499833,7.5000007
031850,7.3777462,3.8972497
031990,8.4963657,4.5480484
032050,9.9175125,8.8979401
032060,10.5182899,7.4359863
032070,11.9918671,8.5303654
032080,12.9894283,7.6006278
032110,6.4550575,3.3941795
032120,11.8395375,13.1536214
032200,8.133,4.25
032210,7.5981262,6.2317518
032250,6.133234,6.792318
032260,7.7791666,4.5538891
032300,7.8410537,3.9315363
032310,4.7676576,7.0188527
032360,13.0610588,5.2373194
032410,5.517,5.75
032420,11.1134917,7.7188449
032450,60.3943034,5.3258117
032460,59.9133301,10.7389701
032550,29.394644,71.6638747
032620,31.3389815,73.1549758
032640,32.1525312,74.1933745
032650,32.5686782,74.071481
032670,25.3801017,68.3750376
032680,33.6938118,73.0651511
032710,31.2860253,72.3416628
032740,24.8667795,67.0311286
032800,31.5656079,74.3141775
032810,27.5564798,68.2101509
032850,30.1979793,71.4724978
032910,34.0123846,71.5787458
032920,30.1891852,67.0184433
032940,33.5914237,73.0535122
032970,32.0898005,72.6782574
032990,31.71306,73.97833
033000,32.49268,74.53134
033010,27.6961883,68.8588754
033060,8.9714493,-79.5341802
033070,9.0552226,-79.4930756
033080,-9.4743301,147.1599504
033090,-25.2800459,-57.6343814
033110,-25.5169015,-54.6168645
033160,-16.3988667,-71.5369607
033190,-12.0522626,-77.1391133
033200,-6.7993953,-79.4943176
033210,-3.9294297,-70.7783731
033230,-13.5212349,-71.9711244
033240,-12.0761679,-75.2063189
033270,-3.749365,-73.2444145
033290,-12.0621065,-77.0365256
033310,-5.1949018,-80.6323
033370,-8.1116778,-79.0287742
033380,15.1399659,120.5879182
033383,14.5870262,121.1758611
033390,10.6762836,122.9513786
033395,14.4314357,120.9663629
033410,16.412007,120.5933937
033420,6.55,122.0666667
033430,13.7561219,121.057754
033435,14.3385061,121.0835962
033440,8.9478297,125.527228
033450,15.4905045,120.9684264
033470,8.4763659,124.6415658
033472,14.592419,121.1235181
033475,14.2143059,121.1675675
033486,14.6571285,120.984107
033510,10.3095549,123.8931107
033520,7.1970344,124.2351714
033537,14.3270819,120.9370871
033540,14.6619675,121.0256798
033570,6.112331,125.1717145
033590,8.2281556,124.2411508
033600,10.9534597,122.5756326
033602,14.419321,120.9312585
033620,14.6571285,120.984107
033650,10.2998655,123.981597
033660,14.4806089,120.9819099
033680,13.9594824,121.1854475
033690,13.9692166,121.6301905
033700,14.554594700000001,121.0214079
033720,14.675233,120.9573542
033740,14.5777807,121.0332295
033750,10.3437068,123.9422789
033760,14.5906216,120.9799696
033780,14.6331084,121.0993541
033790,14.3940614,121.0410436
033860,14.5007016,120.9915488
033870,14.5436995,120.9946503
033880,14.5605151,121.0767129
033890,9.7376025,118.7350414
033900,14.6509905,121.0486155
033905,14.7323254,121.1464926
033955,15.0267575,120.6868645
033957,14.8110432,121.0491569
033971,14.3595,121.0473
033974,14.3143529,121.112131
034010,14.5266254,121.074403
034030,15.485997,120.589556
034035,14.5577984,121.1399608
034060,14.5711849,121.0241195
034070,6.9046004,122.0763695
034090,53.132398,23.1591679
034110,53.1219648,18.0002529
034170,54.347629,18.6452324
034240,50.2598987,19.0215852
034270,50.0619474,19.9368564
034290,51.7687323,19.4569911
034300,51.250559,22.5701022
034340,52.4082663,16.9335199
034410,53.4301818,14.5509623
034460,52.2319237,21.0067265
034480,51.1089776,17.0326689
034560,38.7077507,-9.1365919
034600,11.861324,-15.583055
034710,25.296619,51.434626
034720,25.2856329,51.5264162
034800,45.6523093,25.6102746
034810,44.4361414,26.1027202
034830,46.769379,23.5899542
034840,44.1724166,28.6208197
034850,44.3190159,23.7965614
034880,45.4338215,28.0549395
034890,47.161494,27.5840504
034960,45.7973912,24.1519202
034980,45.7538355,21.2257474
035050,64.543022,40.537121
035100,46.349854,48.031567
035130,53.347402,83.7784496
035150,50.595299,36.586933
035210,53.2423778,34.3668288
035230,56.1307195,47.2449597
035240,55.1598408,61.4025547
035250,59.128696,37.916389
035270,52.033409,113.500893
035310,56.839104,60.60825
035370,43.3197031,45.6934308
035400,52.289597,104.280586
035410,56.9984452,40.9737394
035420,56.866557,53.2094166
035430,54.70649,20.51095
035440,54.5101087,36.2598115
035480,55.7823547,49.1242266
035490,55.355125,86.087234
035500,48.481403,135.076935
035530,58.6035257,49.6639029
035580,50.550877,137.020782
035620,57.7679158,40.9269141
035630,56.374603,41.311676
035640,45.0352566,38.9764814
035650,56.0090968,92.8725147
035660,55.45435,65.321877
035670,51.739433,36.179604
035710,52.6041877,39.5936899
035740,53.4242184,58.983136
035760,42.9830241,47.5048717
035800,55.4033937,38.5070172
035810,68.970665,33.07497
035840,55.7420117,52.3992173
035860,43.4883695,43.6105602
035920,60.9339411,76.5814274
035930,56.328571,44.003506
035940,57.905149,59.9508466
036010,53.757607,87.136101
036030,44.7239578,37.7690711
036050,55.0282171,82.9234509
036100,54.9395877,73.3864834
036120,52.9685433,36.0692477
036130,51.767452,55.097118
036150,53.200001,45
036190,61.790039,34.390007
036240,47.2213858,39.7114196
036260,54.6295687,39.7425039
036300,54.18671,45.18383
036320,51.530018,46.034683
036400,54.77897,32.0471812
036410,43.5912863,39.728483
036430,59.938732,30.316229
036450,45.0433245,41.9690934
036460,53.632374,55.952259
036470,61.254032,73.3964
036500,47.2153657,38.9285216
036510,52.72879,41.45536
036530,53.5218536,49.3747573
036540,56.488712,84.952324
036550,54.1930321,37.61754
036560,56.858675,35.9208284
036570,57.153534,65.542274
036580,56.3775489,59.1199645
036600,51.8357841,107.5839105
036610,54.3107593,48.3642771
036680,43.03667,44.66778
036690,56.1288899,40.4075203
036700,43.1150678,131.8855768
036720,48.7081906,44.5153353
036730,59.218876,39.893276
036740,48.782102,44.7779843
036760,55.744579,37.6011029
036780,62.027287,129.732086
036790,57.6263877,39.8933705
036800,56.6328248,47.8972462
036890,-1.9296543,30.1347561
036990,26.4367824,50.1039991
037010,25.3696585,49.5865224
037020,25.407952,49.6616357
037060,22.292222,46.738889
037110,21.270278,40.415833
037120,26.331667,43.971667
037130,28.4328084,45.9627527
037140,27.5208716,41.6985992
037150,21.5822247,39.1640396
037170,18.266667,42.75
037180,21.420847,39.826869
037190,17.466667,44.1
037200,24.6319692,46.7150648
037220,28.4012536,36.567049
037250,14.693425,-17.447938
037260,14.654562,-16.227822
037270,14.7771207,-17.390071
037280,14.138815,-16.076391
037290,14.411794,-16.9657124
037300,14.751544,-17.396413
037310,14.716417,-17.273844
037320,16.0280445,-16.504868600000002
037330,14.791461,-16.925605
037340,12.5634929,-16.2724609
037350,44.8106196,20.4764939
037420,45.2551338,19.8451756
037490,8.479004,-13.26795
037500,1.2904753,103.8520359
037510,48.1516988,17.1093063
037770,46.0499803,14.5068602
037810,-26.1930356,28.308237599999998
037820,-29.116395,26.215496
037830,-26.2124639,28.2617471
037850,-33.928992,18.417396
037880,-29.861825,31.009909
037940,-26.205,28.049722
037970,-26.0964372,28.2336325
038050,-29.6,30.3788889
038060,-33.9617051,25.6207519
038070,-25.7459374,28.1879444
038080,-26.1563889,27.8858333
038110,-26.2227778,27.89
038140,-29.9525,30.900278
038150,-26.6747222,27.9261111
038170,-20.1560599,28.5887063
038180,-18.0143462,31.0726737
038200,-17.831773,31.045686
038210,-18.974656,32.670473
038270,38.353738,-0.4901846
038320,41.3828939,2.1774322
038330,43.2630051,-2.9349915
038450,43.5140354,-5.6867486
038470,41.3598601,2.0997927
038570,40.4167047,-3.7035825
038580,36.7213028,-4.4216366
038620,37.9899735,-1.129133
038660,28.128874,-15.4349448
038750,37.3886303,-5.9953403
038790,39.4699014,-0.3759513
038800,41.6521328,-4.728562
038810,42.2376602,-8.7247205
039010,57.7072326,11.9670171
039050,55.6052931,13.0001566
039080,59.3251172,18.0710935
039130,47.5581077,7.5878261
039140,46.9482713,7.4514512
039150,46.2017559,6.1466014
039160,46.5218269,6.6327025
039220,47.3723941,8.5423328
039320,38.5425835,68.8152132
039340,13.7394178,100.5166936
039350,15.0025934,103.1003484
039390,18.790876,98.988048
039400,19.9024103,99.8385395
039410,13.3658434,100.9889619
039420,16.4320082,103.506929
039440,14.0249954,99.5333293
039450,16.4346313,102.844785
039460,18.2933646,99.4945253
039490,18.5776383,99.0069034
039510,13.8198186,100.0583846
039520,14.9711601,102.0870812
039540,8.4321444,99.9638643
039580,13.8608545,100.5133388
039590,14.0165371,100.5321597
039660,14.3560372,100.5722073
039680,7.887994,98.3918736
039700,13.5407196,99.8178536
039710,12.6817905,101.277765
039720,16.056247,103.653095
039730,17.1660016,104.1519383
039735,17.1623692,104.1444159
039740,13.5964801,100.5997041
039745,13.5497782,100.2742813
039780,7.1979038,100.5981483
039810,9.1415643,99.329055
039850,15.226428,104.8581711
039860,17.3983097,102.7920407
039880,6.130419,1.215829
040015,35.7398399,10.7986953
040040,36.800108,10.184794
040840,37.9388659,58.3891199
040900,0.3177137,32.5813539
040902,0.4003408,32.6391845
040904,0.2116515,32.5776859
040909,0.365816,32.529226
040950,49.4447888,32.0587805
040960,51.4930039,31.2986895
040970,48.2864702,25.9376532
040990,48.4680221,35.0417711
041000,48.0158753,37.8013407
041030,48.3085337,38.0627285
041070,49.9914255,36.2722661
041080,46.6508682,32.6023028
041100,50.4500336,30.5241361
041180,48.5717084,39.2973153
041200,49.841952,24.0315921
041220,48.0566374,37.9377778
041230,47.1286047,37.579094
041250,46.9737705,31.9853819
041270,46.4852419,30.7433894
041290,49.5897423,34.5507948
041320,44.5949987,33.5291414
041340,44.9521457,34.1024858
041370,50.9009105,34.8087695
041400,49.2320162,28.467975
041410,47.8507859,35.1182867
041420,50.2598298,28.6692345
041430,41.9960924,21.4316495
041450,31.199004,29.894378
041460,27.1789455,31.1890716
041470,24.091071,32.897306
041520,30.9723517,31.1683002
041530,29.3073841,30.8398896
041540,30.0170059,31.2134513
041550,30.088512,31.215927
041560,30.6043775,32.2770825
041600,31.037566,31.38649
041620,31.263235,32.305505
041660,29.974498,32.537086
041670,30.7833666,30.9982536
041680,30.5853431,31.5035127
041870,54.5964411,-5.9302761
041900,53.3943509,-3.0191569
041910,52.4796992,-1.9026911
041940,53.8245483,-3.03732
041980,53.7944229,-1.7519186
042040,50.80691,-0.53782
042050,51.4538022,-2.5972985
042160,51.4816546,-3.1791934
042300,52.4081812,-1.510477
042310,52.4615835,-1.4767885
042400,52.9212617,-1.4761491
042590,55.9521476,-3.1889908
042710,55.8611389,-4.2501672
042980,53.7435722,-0.3394758
043070,53.7974185,-1.5437941
043080,52.6361398,-1.1330789000000001
043120,53.407154,-2.991665
043130,51.5073219,-0.1276474
043180,53.4794892,-2.2451148
043320,54.9738474,-1.6131572
043390,55.8831903,-3.9462822
043470,52.9534161,-1.1492773
043600,53.7589938,-2.7051618
043620,51.4206091,-0.9879644
043820,53.3806626,-1.4702278
043980,50.9137978,-1.3990405
043990,51.6020246,-0.9153487
044090,53.0162014,-2.1812607
044160,51.6211442,-3.9467751
044200,54.5094106,-1.4247903
044280,55.6161101,-4.5143437
044360,55.0297994,-1.508256
044720,-6.8160837,39.2803583
044730,-6.1791181,35.7468174
044760,-2.5196915,32.9014417
044800,-6.1664908,39.2074312
044850,35.0841034,-106.6509851
044910,33.8347516,-117.911732
044920,61.2218713,-149.8898845
044970,32.701939,-97.1056248
045020,33.7490987,-84.3901849
045040,39.72943,-104.83192
045060,26.2016913,-97.66796
045070,35.3738712,-119.0194639
045080,39.2908816,-76.610759
045230,42.3602534,-71.0582912
045270,42.8867166,-78.8783922
045400,35.2270869,-80.8431268
045440,41.8755616,-87.6244212
045460,32.6400541,-117.0841955
045470,39.1014537,-84.5124602
045500,41.5051613,-81.6934446
045510,38.8339578,-104.8253485
045550,39.9622601,-83.0007065
045620,31.6351803,-96.2941871
045710,39.7348381,-104.9653271
045730,42.3315509,-83.046640300000007
045780,36.0181316,-78.8751582
045810,29.771505,-95.297713
046040,41.0799898,-85.1386015
046050,32.7488874,-98.9100137
046070,36.7295295,-119.7088613
046240,36.0726355,-79.7919754
046320,36.0301134,-114.9826194
046380,31.8631107,-101.4796126
046430,39.7683331,-86.1583502
046460,33.66946,-117.82311
046510,30.3653453,-81.7241474
046550,40.7281575,-74.0776417
046760,33.070421,-97.306482
046780,36.1672559,-115.1485163
046810,38.0464066,-84.4970393
046830,40.8088861,-96.7077751
046860,33.76696,-118.18923
046880,33.8963475,-118.1170833
046910,33.5778631,-101.8551665
046940,43.074761,-89.3837613
047020,33.4151117,-111.8314773
047040,25.7742658,-80.1936589
047050,43.0349931,-87.922497
047060,44.9706705,-93.2682241
047200,29.424473,-94.693869
047210,40.7412359,-73.3566912
047220,40.735657,-74.1723667
047280,37.80437,-122.2708
047320,35.4734435,-97.5185065
047340,41.2587459,-95.9383758
047370,28.5479786,-81.4127842
047500,39.9527237,-75.1635262
047510,32.7414365,-114.4817698
047520,40.4416941,-79.9900861
047530,33.0136764,-96.6925096
047580,45.5202471,-122.6741949
047640,35.7803977,-78.6390989
047720,33.95335,-117.39616
047790,38.5815719,-121.4943996
047850,30.8791707,-102.864981
047880,32.7167348,-117.1694966
047900,37.3361905,-121.8905833
047930,33.7494951,-117.8732213
048030,47.6038321,-122.3300624
048190,38.6268039,-90.1994097
048200,44.9504037,-93.1015026
048210,27.7733051,-82.6469934
048260,37.9577,-121.29078
048320,27.9518491,-82.4563972
048380,41.6786754,-83.5127283
048410,32.2228765,-110.9748477
048420,36.1556805,-95.9929113
048480,36.8529841,-75.9774183
048520,38.8948932,-77.0365529
048620,37.6919475,-97.3375053
048750,11.1757783,-4.2957591
048770,12.368148,-1.527085
048790,-34.9059039,-56.1913569
048840,40.7833471,72.3506746
048870,39.7675529,64.4231326
048890,40.3791469,71.7890479
048900,38.83998,65.7927948
048930,40.9996482,71.6726238
048950,42.4585258,59.6052217
048960,39.6438972,66.9621258
048970,41.3123363,69.2787079
049000,9.5207454,-69.3384517
049010,10.1373006,-64.6862532
049020,10.21667,-64.61667
049030,8.6376133,-70.230234
049040,10.0740372,-69.3215667
049050,9.4320859,-63.0174065
049060,10.3995334,-71.4609626
049070,10.506098,-66.9146017
049100,8.1080955,-63.551078
049110,8.3223763,-62.6896622
049140,10.4494466,-64.1630154
049230,10.6499149,-71.6396282
049240,10.2513662,-67.6017245
049250,9.7452286,-63.1799873
049270,10.3213908,-64.3779637
049300,11.6925865,-70.2015372
049310,7.7756663,-72.2214154
049360,10.1828036,-68.003553
049400,12.789585,45.028504
049410,14.7978677,42.9544872
049450,15.3538569,44.2058841
049460,13.5752242,44.0215268
049682,-13.6390687,32.6457228
049700,-12.8104186,28.2068361
049720,-15.4164488,28.2821535
049740,-12.9693056,28.6365894
000335,36.2502135,6.1652163
001051,-32.8481539,151.7397296
001570,50.6036711,5.5430574
001670,-17.333333,-61.5
002380,-21.7558619,-41.3326895
002750,-25.5401479,-54.5858139
002760,-20.5381768,-47.4009795
004340,-5.0896403,-42.809588
004710,18.3278182,95.6423809
004713,16.8902634,97.6362745
004717,25.3833313,97.3999925
005270,44.8543667,-63.137798
006050,-33.0458456,-71.6196749
007420,26.0774954,119.2918215
007780,49.2388564,120.0228716
007880,30.2489634,120.2052342
008260,40.4823319,111.552645
008650,36.4708216,120.4822805
008690,29.2909294,117.204121
008990,45.4398247,85.0421684
010030,29.8622194,121.6203873
010040,26.6655699,119.5224895
010570,26.2367951,117.6038491
012250,30.7031196,111.2750181
012580,22.9173703,112.0396246
017590,23.25,87.75
022390,0.53333,101.45
027280,41.7829291,129.7825241
028100,35.5391697,129.3119136
036160,58.014965,56.246723
036290,53.2895677,49.7064029
037050,24.9,39.5
038380,37.8845813,-4.7760138
038650,39.5695818,2.6500745
038830,41.840047,-1.169509
041170,47.924081,33.3905402
041500,30.048819,31.243666
042670,56.3333331,-3.0000001
043910,55.583333,-3.833333
044510,52.5050033,-1.9643961
044530,53.7414271,-1.7202004
045590,27.7477253,-97.4014129
046360,21.30694,-157.85833
046620,39.100105,-94.5781416
046890,38.2542376,-85.759407
047000,35.1490215,-90.0516285
047170,36.1622296,-86.7743531
047890,37.77493,-122.41942
